model,MAE,RMSE,P50,P90,P95,MaxE
gbr_shallow,68.44925207920633,106.7625438446224,52.47374995336406,135.22514149926553,159.9347817463184,978.7760415401449
